{
  "feature_mean": [
    -24.99920016288653,
    -25.966583643156305,
    -24.814794939443505,
    -25.408583786508654,
    -23.287877692601754,
    -22.399380731479603,
    -23.877190212044514,
    -22.32561914588223,
    -22.945605695858333,
    -21.39329030196687,
    -21.66021980175737,
    -24.002256590974238,
    -23.44698664291267,
    -24.248641444814787,
    -23.122113161179666,
    -23.631764963872957,
    -25.97765663428818,
    -25.890080019817542,
    -26.73255079051052,
    -26.156237182912772,
    -27.057779033252483,
    -29.290713121804895,
    -29.221634762272828,
    -29.955908464937377,
    -29.588289968974983,
    -30.356426968198278,
    -32.4286959241538,
    -32.383921314203285,
    -33.28174111951299,
    -32.91208511074441,
    -33.93782002339233,
    -35.82689255335257,
    -35.98201560193946,
    -36.60666675952719,
    -36.473177142661044,
    -37.037135425298274,
    -38.31556155234644,
    -38.404987321100315,
    -38.779656671883956,
    -38.57268007495967,
    -38.84937170251624,
    -39.31612691384482,
    -39.699430304392706,
    -40.30381618734141,
    -40.86059379430261,
    -41.37777216817125,
    -41.73433689066225,
    -41.97411161235179,
    -42.52143353284141,
    -42.8842461825817,
    -43.45814491892283,
    -43.96578243047041,
    -43.183677142554465,
    -44.03106139130901,
    -44.22274087271627,
    -44.28258916261817,
    -44.19280109475875,
    -45.47802927858377,
    -44.71285673799882,
    -45.42167331754257,
    -45.685895371953826,
    -45.92824193584572,
    -46.077890461537955,
    -46.48831535531693
  ],
  "feature_std": [
    11.33366840770282,
    12.251149395449428,
    14.292797838999759,
    16.13356687048347,
    17.011094864442924,
    17.918582010284307,
    18.411793820942286,
    18.72112198970383,
    18.724026598421517,
    18.749844222626994,
    18.600546853032167,
    18.626621711641008,
    18.51951568008251,
    18.344849153852238,
    18.175298886563365,
    18.0129518726358,
    18.040906900704023,
    17.96031592766059,
    17.673719594144714,
    17.560577909258228,
    17.33542813252536,
    17.34218274269022,
    17.25211575936167,
    17.160361609275515,
    16.97982299212109,
    16.924296633473638,
    16.819989303738048,
    16.812635063038183,
    16.477108574308005,
    16.345223486403757,
    16.063227845464663,
    15.936495817913292,
    15.864975208038924,
    15.716508009712648,
    15.542936214241529,
    15.53736749229428,
    15.53356710133824,
    15.510858970944136,
    15.403745864346265,
    15.205013234903397,
    15.076412563541222,
    14.930338314197535,
    15.030668789970044,
    14.953453411793562,
    14.872896910580224,
    14.769004175565437,
    14.654163690690217,
    14.630021467804111,
    14.406090375177444,
    14.25456707881543,
    13.909169794421016,
    13.621754369470558,
    13.712382726327185,
    13.561506295453524,
    13.482863461967623,
    13.341428617034284,
    13.258417202273572,
    13.037093513366091,
    13.235699703951635,
    13.210109460708473,
    13.086545749246936,
    12.938644286243468,
    12.808680197408592,
    12.800240944860494
  ],
  "frames_per_second": 100,
  "mel_bands": 64,
  "sample_rate_hz": 16000,
  "stft_window_samples": 512,
  "stft_hop_samples": 160
}