{
  "feature_mean": [
    -26.838880815533834,
    -26.74211802354091,
    -24.618704346371985,
    -24.752858018547894,
    -22.566639086745724,
    -21.735057232146833,
    -23.245916305098863,
    -21.586553027840285,
    -22.499169041866832,
    -21.10955501879368,
    -21.61445817504213,
    -24.003278367297963,
    -23.580460459969796,
    -24.36726296151103,
    -23.3122858642793,
    -23.918215864681216,
    -26.255179734474954,
    -26.235286317471637,
    -27.17198485586255,
    -26.771412573661692,
    -27.648196892206965,
    -29.845084422970707,
    -29.866452411741015,
    -30.443675417410148,
    -29.972076893276256,
    -30.65775860107138,
    -32.570606654328884,
    -32.67191566143181,
    -33.81415342202713,
    -33.468665769078505,
    -34.476251996469045,
    -36.28939963456184,
    -36.26530960681214,
    -36.8613189659221,
    -36.89720532290912,
    -37.45907531590451,
    -38.686442657985936,
    -38.84195633715391,
    -39.041546671440294,
    -38.74328001915165,
    -38.903273640091555,
    -39.42343188135393,
    -39.74643705793462,
    -40.27966010468904,
    -40.79360003273112,
    -41.462753279158804,
    -41.901489750399676,
    -41.98608018802973,
    -42.45268127312417,
    -42.65459611002411,
    -43.29089486806006,
    -43.92175277200163,
    -43.28439792822102,
    -44.13030171138792,
    -44.27113294189517,
    -44.329263254865445,
    -44.075371549937536,
    -45.22212806654376,
    -44.14887512031664,
    -44.75201474655058,
    -45.042569109368415,
    -45.34834673699935,
    -45.677733458740754,
    -46.162881852491616
  ],
  "feature_std": [
    14.588258759849145,
    15.425605342328295,
    17.10893700318332,
    18.36780201414722,
    18.9749832733326,
    19.55745974269301,
    19.91807236877182,
    19.87646989304037,
    19.646422962556624,
    19.587337750671598,
    19.373891923250575,
    19.409282840257156,
    19.22203937010737,
    18.836720624913976,
    18.714216912842367,
    18.581295408467817,
    18.630198571822795,
    18.539715764922846,
    18.32795771326378,
    18.212599182310218,
    17.95377144924343,
    17.85353985153541,
    17.594298235885944,
    17.547050972896233,
    17.48618039677383,
    17.545499246865383,
    17.55817804068423,
    17.509400549082414,
    17.110421264135383,
    16.992703434400795,
    16.746642851008886,
    16.602907545011796,
    16.572835621514407,
    16.44159786188472,
    16.164346091343265,
    16.048879623920072,
    15.986895870954841,
    15.961754449156512,
    16.019216340547704,
    15.854968948554085,
    15.793680699246941,
    15.595937005121192,
    15.698506538949713,
    15.555638475154769,
    15.540955191644384,
    15.41760652580885,
    15.391851922493311,
    15.434540946639384,
    15.180655496762105,
    15.161359132187979,
    14.811391558757371,
    14.528952383576689,
    14.583286243306473,
    14.401649191199917,
    14.255822875765613,
    14.132918013680591,
    14.100348563984733,
    14.053727233656078,
    14.398550827430851,
    14.376654428112595,
    14.254020201861112,
    14.10104275484562,
    13.920294424102682,
    13.91158686744381
  ],
  "frames_per_second": 100,
  "mel_bands": 64,
  "sample_rate_hz": 16000,
  "stft_window_samples": 512,
  "stft_hop_samples": 160
}


