{
  "feature_mean": [
    -23.44620133172343,
    -22.44605311182978,
    -21.484837611480582,
    -19.402406193534322,
    -19.59352220500516,
    -19.608703299716716,
    -21.27008859793432,
    -21.322828910766855,
    -22.78740908277096,
    -24.281925281365208,
    -25.415657861466673,
    -27.212815155092578,
    -28.006456966606223,
    -30.419696164013036,
    -31.13080214163524,
    -32.96750696185789,
    -34.448376030843356,
    -35.14618867300671,
    -36.429644228652045,
    -37.10052031374961,
    -38.14668569373106,
    -38.61417726228009,
    -39.38662629675894,
    -40.270948749489364,
    -41.20079333483438,
    -41.727375780168245,
    -42.297834358785686,
    -42.651636683884426,
    -43.35680241295959,
    -43.83880158393258,
    -44.58050535337537,
    -44.92872140439983
  ],
  "feature_std": [
    12.373397122534012,
    15.76796454465553,
    17.826361768727864,
    18.73700532649788,
    18.747067222295197,
    18.64278437274845,
    18.37818322331738,
    18.13754798951754,
    17.889557434950735,
    17.714235493021558,
    17.366572303069294,
    17.249337149925058,
    17.093527803274036,
    16.8408521353925,
    16.595074337939906,
    16.184252524324698,
    15.975428696048775,
    15.794113969406148,
    15.77107133869372,
    15.51779195644744,
    15.280944475944114,
    15.330232107010382,
    15.262358395012189,
    15.169276876982275,
    14.849659177302295,
    14.404490495252238,
    14.015169699722296,
    13.8736030494964,
    13.63940674642614,
    13.660378018841072,
    13.487897099694262,
    13.3141176547671
  ],
  "frames_per_second": 100,
  "mel_bands": 32,
  "sample_rate_hz": 16000,
  "stft_window_samples": 512,
  "stft_hop_samples": 160
}