{
  "feature_mean": [
    -22.95998464042258,
    -23.5599683805416,
    -23.35169774771643,
    -25.46872087732607,
    -24.6282415170265,
    -24.706726617552217,
    -25.736842752176443,
    -24.402494105521477,
    -25.575477091506183,
    -24.52357069611015,
    -24.507136250446703,
    -25.674422276866153,
    -24.94906892997545,
    -25.882331220437646,
    -24.203386493860098,
    -24.929912689519313,
    -26.72933850353859,
    -26.831864118535236,
    -28.364559344812392,
    -28.357335380491246,
    -28.29089265087317,
    -29.573195918475637,
    -29.260196609645966,
    -29.914160665729614,
    -29.10182381100749,
    -30.33076077126002,
    -31.96316435143847,
    -32.193895818582526,
    -33.664038718712014,
    -33.96458002847268,
    -34.535241200187855,
    -35.997775099598876,
    -35.429492460002635,
    -34.742894452334994,
    -34.05241158058615,
    -34.71028567119639,
    -36.026976079898674,
    -37.503974053837425,
    -37.965289693034315,
    -37.587921360956386,
    -37.27760228896192,
    -37.69223300292417,
    -37.83602766409941,
    -38.339014171741795,
    -38.55913519642993,
    -39.09060932044096,
    -39.889978782159325,
    -40.33656431456661,
    -41.12633334869156,
    -40.75233886250647,
    -40.75096509816381,
    -41.26576529706064,
    -41.584524448468045,
    -43.69452508441898,
    -43.934659435906845,
    -43.75289259036254,
    -43.433800032820685,
    -44.77080696354898,
    -44.293809178209635,
    -44.86879249034906,
    -44.11048331459697,
    -43.40694382012178,
    -43.55824946465771,
    -45.13608521481633
  ],
  "feature_std": [
    16.320394796610664,
    16.430969275070904,
    16.05597517457138,
    15.48231117356529,
    15.288341914554895,
    15.819883647789702,
    16.53453739447696,
    16.481948449584706,
    16.073137393281602,
    15.967950542974766,
    16.113791779465355,
    16.612467523551253,
    16.812724778408473,
    16.128108592542887,
    16.416882250266365,
    16.21356355279415,
    16.359653610685275,
    15.828043796790467,
    15.016805762968739,
    14.340916411529951,
    15.038861638825963,
    15.612115092691553,
    15.861628241049505,
    15.73196163730214,
    15.833621805148711,
    15.08369106624804,
    15.340596033272396,
    14.924940355179576,
    14.635365478030918,
    14.07995343711659,
    13.930633672609002,
    13.416588393682256,
    13.934411831732154,
    15.263242941731129,
    15.755808312646447,
    15.997677419521214,
    15.93191106758237,
    14.093948916626081,
    13.48976169863516,
    13.5546110335999,
    14.371464651047841,
    14.430418484472924,
    14.505434920838375,
    13.74349819081274,
    13.620916269274908,
    13.865086664504977,
    14.170462949965245,
    13.791323868954866,
    12.851733782996725,
    13.406339630321481,
    13.830033911365545,
    13.692025576407346,
    12.930025625450542,
    11.904799348984096,
    11.675323449633376,
    11.628547032205478,
    11.40445885967656,
    11.322454845408927,
    11.504298230776039,
    11.67089977065733,
    12.26595915790827,
    12.764716718990655,
    12.954148020086398,
    11.98061317277974
  ],
  "frames_per_second": 100,
  "mel_bands": 64,
  "sample_rate_hz": 16000,
  "stft_window_samples": 512,
  "stft_hop_samples": 160
}