{
  "feature_mean": [
    -29.62856106083035,
    -30.30965566637623,
    -29.14106337319647,
    -29.058252384407297,
    -26.672034113425777,
    -25.266632065596053,
    -26.351991992099208,
    -23.921647879130838,
    -24.02141764586517,
    -22.121017225315867,
    -21.71063510743378,
    -23.839371660680502,
    -23.203370340289705,
    -24.05827844753046,
    -23.161031188680518,
    -24.174514633703165,
    -26.82518229865349,
    -27.018353193431764,
    -27.65493023418997,
    -26.962908832640018,
    -27.759866321966893,
    -30.062452972682973,
    -30.315337798400687,
    -31.28640917152723,
    -31.105369261267477,
    -31.89519144389311,
    -33.947990799683154,
    -33.668372248330556,
    -34.46822614799175,
    -33.74274286123184,
    -34.66606917518385,
    -36.5163945735706,
    -36.573889022545565,
    -37.137690957825185,
    -37.220929749669985,
    -37.75494420550071,
    -39.11250450917682,
    -39.52518003105336,
    -39.84402154725925,
    -39.63940434824871,
    -39.86173842981568,
    -40.504441024369015,
    -40.90257578733321,
    -41.68929773617927,
    -42.55810125238561,
    -43.20516704456601,
    -43.73932592482769,
    -43.91314546846945,
    -44.72433312616052,
    -45.15180497370754,
    -45.96313653713224,
    -46.7209617452166,
    -46.03505072273074,
    -46.89246974772988,
    -47.04203379524492,
    -47.14991136709929,
    -46.63008222150421,
    -47.59498777248304,
    -46.64947545054049,
    -47.54937859961768,
    -47.93864748425054,
    -48.16784502687124,
    -48.34449212725458,
    -48.63893206397484
  ],
  "feature_std": [
    12.306742215361261,
    12.568544626289441,
    14.03963723911511,
    16.060013582254943,
    17.26349118346605,
    18.4010316519813,
    19.0402897052821,
    19.425553626362195,
    19.781053378656832,
    19.92804172787627,
    19.906127081124065,
    19.873674342731007,
    19.861400645984695,
    19.576908510881033,
    19.209477019369533,
    18.768544217228897,
    18.487903237449885,
    18.101177347570715,
    18.03323702867222,
    17.98479752092859,
    17.808525036166785,
    17.864721540195113,
    17.598303158374673,
    17.584905128859866,
    17.408636559106792,
    17.172062115606376,
    16.91388855096021,
    16.807281831968286,
    16.504505766822653,
    16.647945564222287,
    16.63478562757353,
    16.648630645412993,
    16.75331569130688,
    16.52006273819787,
    16.281061680061082,
    16.282764590012093,
    16.283550183464698,
    16.104090397722647,
    15.856343799264053,
    15.580451607183907,
    15.517050498081796,
    15.430910945580255,
    15.586108092725413,
    15.24609231532415,
    14.973029014632537,
    14.906712936618506,
    14.895882553055865,
    15.10197240948373,
    14.74185705419654,
    14.717853787655024,
    14.187911847205,
    13.600145708404836,
    13.448293817602107,
    12.830327714198784,
    12.565148486248166,
    12.49713985169086,
    12.820996200752218,
    13.094015417499637,
    13.457243897888983,
    13.27370288145076,
    13.153423872232107,
    12.972709474936657,
    12.784149807408703,
    12.700250774350637
  ],
  "frames_per_second": 100,
  "mel_bands": 64,
  "sample_rate_hz": 16000,
  "stft_window_samples": 512,
  "stft_hop_samples": 160
}